# Name,   Type, SubType, Offset,  Size,    Flags
# Deliberately compact — 3.2 MB of the as-built board's 8 MB W25Q64. The modem
# app builds to ~280 KB, so a 1.5 MB OTA slot is already 5x headroom, and
# keeping the table inside 4 MB means the same binary+table flashes onto any
# bench devkit (and onto the 16 MB board revision). The OTA pair exists so
# #412 (UART-tunneled update) needs no repartition later.
nvs,      data, nvs,     0x9000,  0x5000,
otadata,  data, ota,     0xe000,  0x2000,
ota_0,    app,  ota_0,   0x10000, 0x180000,
ota_1,    app,  ota_1,   0x190000,0x180000,
coredump, data, coredump,0x310000,0x10000,
